id;profile_photo;nickname;gender;birthday;telphone;mailbox
1;37454;Directives application Home Loan Account;Dam;2019-09-22;Trace;Savings Account alarm
2;2058;Producer;Implementation Electronics Officer;2019-09-22;Home Loan Account;web-readiness
3;29122;Investment Account Steel;Coordinator;2019-09-22;Licensed Savings Account;Cambridgeshire Mississippi
4;4645;Credit Card Account Table Small Frozen Sausages;South Dakota envisioneer Music;2019-09-22;Monitored Bahamian Dollar Investment Account;Games Regional Digitized
5;66252;hardware Costa Rica Mayotte;Industrial;2019-09-22;Views e-enable Communications;National Awesome sky blue
6;4522;software scale interactive;Louisiana Specialist Home Loan Account;2019-09-22;scalable;Small
7;98688;index orange;Jewelery;2019-09-22;monitor 1080p Checking Account;world-class Frozen IB
8;62329;archive Fantastic Plastic Chicken;payment;2019-09-22;tangible Mississippi;Frozen bus
9;76078;Idaho compress Avon;system Small;2019-09-22;red;withdrawal knowledge base Buckinghamshire
10;90756;Phased;Saint Lucia white;2019-09-22;Money Market Account;Salad Web virtual
